,titulo,familia,codigo,preco
0,Schneider Weisse - Cerveja de Trigo TAP 5 Hopfenweisse 500ml,Hopfenweisse Weissbier,(Código 610),
1,Schneider Weisse - Cerveja de Trigo TAP 7 Original 500ml,Original Weissbier,(Código 818),"Preço Normal
R$39,90




Preço Especial
R$28,90"
2,Schlenkerla - Cerveja Schlenkerla Rauchbier Märzen 500ml,Aecht Schlenkerla Rauchbier Märzen,(Código 802),"R$55,90"
3,Schneider Weisse - Cerveja de Trigo Hefeweissbier 500ml,Hefeweissbier Naturtrüb,(Código 846),
4,Schlenkerla - Kit Cerveja Rauchbier - 1 Garrafa e 1 Copo,Aecht Schlenkerla Rauchbier Märzen,(Código 848),"R$140,90"
5,Schneider Weisse - Cerveja de Trigo Aventinus Eisbock 330ml,Aventinus Weizen Doppel Eisbock,(Código 860),"R$46,90"
6,Schlenkerla - Cerveja Schlenkerla Rauchbier Weizen 500ml,Aecht Schlenkerla Rauchbier Weizen,(Código 803),"R$55,90"
7,Schneider Weisse - Kit Presente com 1 Garrafa 500ml e 1 Copo,Helles Weizenbier mit Flaschengärung,(Código 815),"R$143,60"
8,Schneider Weisse - Cerveja de Trigo TAP 3 Alkoholfrei 500ml,Alkoholfreies Weissbier,(Código 835),"Preço Normal
R$38,90




Preço Especial
R$14,90"
9,Schlenkerla - Cerveja Helles Schlenkerla Lager 500ml,Helles Schlenkerla Lagerbier,(Código 8681),"R$48,10"
10,Schlenkerla - Cerveja Rauchbier Eiche Doppelbock 500ml,Aecht Schlenkerla Eiche - Doppelbock,(Código 8682),"R$69,90"
11,Konig Pilsener - Cerveja Konig Pilsener Lata 330ml,König Pilsener Dose,(Código 7091),"R$17,30"
12,Benediktiner - Cerveja Benediktiner Weissbier Lata 500ml,Benediktiner Weissbier,(Código 6671),"R$22,90"
13,Bitburger - Cerveja Bitburger Radler Naturtrüb 500ml,Radler Naturtrübes Bier,(Código 6664),"R$22,90"
14,Bitburger - Cerveja Bitburger Alkoholfrei 330ml,"Drive 0,0% Alkoholfreies Bier",(Código 6665),"Preço Normal
R$19,90




Preço Especial
R$9,90




Na caixa fechada
R$8,29"
15,Bitburger - Cerveja Bitburger Pils Lata 500ml,Bitburger Pils,(Código 6660),"R$22,90"
16,Schlenkerla - Cerveja Schlenkerla Weichsel Rotbier 500ml,Aecht Schlenkerla Weichsel Rotbier 500ml,(Código 8685),"R$55,90"
17,Bitburger - Cerveja Bitburger Garrafa 500ml,Bitburger Pils Flasche,(Código 6662),"R$24,90"
18,Köstritzer - Cerveja Kostritzer Schwarzbier Lata 500ml,Köstritzer Schwarzbier,(Código 5606),"R$23,30"
19,Benediktiner - Kit Presente com 1 Lata 500ml e 1 Copo,Weizenbier mit Glas,(Código 6675),"R$128,50"
